DROP TABLE CINEMASESSION IF EXISTS CASCADE
DROP TABLE TICKET IF EXISTS CASCADE
DROP TABLE BOOKING IF EXISTS CASCADE
DROP TABLE CLIENT IF EXISTS CASCADE
DROP TABLE SEAT IF EXISTS CASCADE
CREATE TABLE CINEMASESSION (cinemaSessionID BIGINT GENERATED BY DEFAULT AS IDENTITY, filmName varchar(100), sessionDate TIMESTAMP)
CREATE TABLE TICKET (ticketID BIGINT GENERATED BY DEFAULT AS IDENTITY, cinemaSessionID BIGINT, seatID BIGINT, bookingID BIGINT, ticketPrice INT)
CREATE TABLE BOOKING (bookingID BIGINT GENERATED BY DEFAULT AS IDENTITY, bookingNumber varchar(100), ticketsPrice INT, clientID BIGINT)
CREATE TABLE CLIENT (clientID BIGINT GENERATED BY DEFAULT AS IDENTITY, name varchar(100), surName varchar(100))
CREATE TABLE SEAT (seatID BIGINT GENERATED BY DEFAULT AS IDENTITY, seatNumber INT)
insert into CinemaSession (filmName, sessionDate) values ('Batman', '2016-04-02 06:00:00')
insert into CinemaSession (filmName, sessionDate) values ('DeadPoll', '2016-04-02 08:00:00')
insert into CinemaSession (filmName, sessionDate) values ('Batmanishka', '2016-04-03 08:00:00')
insert into CinemaSession (filmName, sessionDate) values ('DeadPollishka', '2016-04-03 08:00:00')
insert into CinemaSession (filmName, sessionDate) values ('Pechenka', '2016-04-03 08:00:00')
insert into Seat (seatNumber) values (1)
insert into Seat (seatNumber) values (2)
insert into Seat (seatNumber) values (3)
insert into Seat (seatNumber) values (4)
insert into Seat (seatNumber) values (5)
insert into Seat (seatNumber) values (6)
insert into Seat (seatNumber) values (7)
insert into Seat (seatNumber) values (8)
insert into Seat (seatNumber) values (9)
insert into Seat (seatNumber) values (10)
insert into Booking (bookingNumber, ticketsPrice) values ('test', 100)
insert into TICKET (cinemaSessionID, seatID, ticketPrice) values (0, 0, 10)
insert into TICKET (cinemaSessionID, seatID, ticketPrice) values (0, 1, 10)
insert into TICKET (cinemaSessionID, seatID, ticketPrice) values (0, 2, 10)
insert into TICKET (cinemaSessionID, seatID, ticketPrice) values (0, 3, 10)
insert into TICKET (cinemaSessionID, seatID, ticketPrice) values (0, 4, 10)
insert into TICKET (cinemaSessionID, seatID, ticketPrice) values (0, 5, 15)
insert into TICKET (cinemaSessionID, seatID, ticketPrice) values (0, 6, 15)
insert into TICKET (cinemaSessionID, seatID, ticketPrice) values (0, 7, 15)
insert into TICKET (cinemaSessionID, seatID, ticketPrice) values (0, 8, 15)
insert into TICKET (cinemaSessionID, seatID, ticketPrice) values (0, 9, 15)
insert into TICKET (cinemaSessionID, seatID, ticketPrice) values (1, 0, 10)
insert into TICKET (cinemaSessionID, seatID, ticketPrice) values (1, 1, 10)
insert into TICKET (cinemaSessionID, seatID, ticketPrice) values (1, 2, 10)
insert into TICKET (cinemaSessionID, seatID, ticketPrice) values (1, 3, 10)
insert into TICKET (cinemaSessionID, seatID, ticketPrice) values (1, 4, 10)
insert into TICKET (cinemaSessionID, seatID, ticketPrice) values (1, 5, 15)
insert into TICKET (cinemaSessionID, seatID, ticketPrice) values (1, 6, 15)
insert into TICKET (cinemaSessionID, seatID, ticketPrice) values (1, 7, 15)
insert into TICKET (cinemaSessionID, seatID, ticketPrice) values (1, 8, 15)
insert into TICKET (cinemaSessionID, seatID, ticketPrice) values (1, 9, 15)
insert into TICKET (cinemaSessionID, seatID, ticketPrice) values (2, 0, 10)
insert into TICKET (cinemaSessionID, seatID, ticketPrice) values (2, 1, 10)
insert into TICKET (cinemaSessionID, seatID, ticketPrice) values (2, 2, 10)
insert into TICKET (cinemaSessionID, seatID, ticketPrice) values (2, 3, 10)
insert into TICKET (cinemaSessionID, seatID, ticketPrice) values (2, 4, 10)
insert into TICKET (cinemaSessionID, seatID, ticketPrice) values (2, 5, 15)
insert into TICKET (cinemaSessionID, seatID, ticketPrice) values (2, 6, 15)
insert into TICKET (cinemaSessionID, seatID, ticketPrice) values (2, 7, 15)
insert into TICKET (cinemaSessionID, seatID, ticketPrice) values (2, 8, 15)
insert into TICKET (cinemaSessionID, seatID, ticketPrice) values (2, 9, 15)
insert into TICKET (cinemaSessionID, seatID, ticketPrice) values (3, 0, 10)
insert into TICKET (cinemaSessionID, seatID, ticketPrice) values (3, 1, 10)
insert into TICKET (cinemaSessionID, seatID, ticketPrice) values (3, 2, 10)
insert into TICKET (cinemaSessionID, seatID, ticketPrice) values (3, 3, 10)
insert into TICKET (cinemaSessionID, seatID, ticketPrice) values (3, 4, 10)
insert into TICKET (cinemaSessionID, seatID, ticketPrice) values (3, 5, 15)
insert into TICKET (cinemaSessionID, seatID, ticketPrice) values (3, 6, 15)
insert into TICKET (cinemaSessionID, seatID, ticketPrice) values (3, 7, 15)
insert into TICKET (cinemaSessionID, seatID, ticketPrice) values (3, 8, 15)
insert into TICKET (cinemaSessionID, seatID, ticketPrice) values (3, 9, 15)
insert into TICKET (cinemaSessionID, seatID, ticketPrice) values (4, 0, 10)
insert into TICKET (cinemaSessionID, seatID, ticketPrice) values (4, 1, 10)
insert into TICKET (cinemaSessionID, seatID, ticketPrice) values (4, 2, 10)
insert into TICKET (cinemaSessionID, seatID, ticketPrice) values (4, 3, 10)
insert into TICKET (cinemaSessionID, seatID, ticketPrice) values (4, 4, 10)
insert into TICKET (cinemaSessionID, seatID, ticketPrice) values (4, 5, 15)
insert into TICKET (cinemaSessionID, seatID, ticketPrice) values (4, 6, 15)
insert into TICKET (cinemaSessionID, seatID, ticketPrice) values (4, 7, 15)
insert into TICKET (cinemaSessionID, seatID, ticketPrice) values (4, 8, 15)
insert into TICKET (cinemaSessionID, seatID, ticketPrice) values (4, 9, 15)
